{
    "mae": 4.775309029804276,
    "mse": 62.309951125725696,
    "rmse": 7.893665252956049,
    "r2": 0.0009966147270817904
}